seconds,strip,kind,tolerance_s,note
0.32,000008.jpg,,0.25,
0.48,000012.jpg,,0.25,
0.72,000018.jpg,,0.25,
1.28,000032.jpg,,0.25,
1.68,000042.jpg,,0.25,
1.88,000047.jpg,,0.25,
2.04,000051.jpg,,0.25,
2.52,000063.jpg,,0.25,
2.68,000067.jpg,,0.25,
3.00,000075.jpg,,0.25,
3.52,000088.jpg,,0.25,
4.16,000104.jpg,,0.25,
5.52,000138.jpg,,0.25,
5.68,000142.jpg,,0.25,
6.64,000166.jpg,,0.25,
7.28,000182.jpg,,0.25,
8.12,000203.jpg,,0.25,
8.64,000216.jpg,,0.25,
9.16,000229.jpg,,0.25,
9.32,000233.jpg,,0.25,
9.92,000248.jpg,,0.25,
10.16,000254.jpg,,0.25,
10.96,000274.jpg,,0.25,
11.20,000280.jpg,,0.25,
11.60,000290.jpg,,0.25,
12.44,000311.jpg,,0.25,
13.68,000342.jpg,,0.25,
14.12,000353.jpg,,0.25,
14.48,000362.jpg,,0.25,
15.24,000381.jpg,,0.25,
17.04,000426.jpg,,0.25,
17.36,000434.jpg,,0.25,
17.56,000439.jpg,,0.25,
17.76,000444.jpg,,0.25,
18.64,000466.jpg,,0.25,
19.48,000487.jpg,,0.25,
20.00,000500.jpg,,0.25,
20.20,000505.jpg,,0.25,
20.52,000513.jpg,,0.25,
21.32,000533.jpg,,0.25,
21.76,000544.jpg,,0.25,
22.24,000556.jpg,,0.25,
26.24,000656.jpg,,0.25,
26.76,000669.jpg,,0.25,
27.20,000680.jpg,,0.25,
27.56,000689.jpg,,0.25,
27.76,000694.jpg,,0.25,
28.12,000703.jpg,,0.25,
28.60,000715.jpg,,0.25,
28.76,000719.jpg,,0.25,
29.12,000728.jpg,,0.25,
30.40,000760.jpg,,0.25,
31.60,000790.jpg,,0.25,
32.76,000819.jpg,,0.25,
33.16,000829.jpg,,0.25,
33.52,000838.jpg,,0.25,
34.32,000858.jpg,,0.25,
36.28,000907.jpg,,0.25,
37.32,000933.jpg,,0.25,
37.60,000940.jpg,,0.25,
38.04,000951.jpg,,0.25,
38.56,000964.jpg,,0.25,
39.20,000980.jpg,,0.25,
39.84,000996.jpg,,0.25,
40.24,001006.jpg,,0.25,
43.20,001080.jpg,,0.25,
43.76,001094.jpg,,0.25,
44.20,001105.jpg,,0.25,
44.60,001115.jpg,,0.25,
45.12,001128.jpg,,0.25,
45.36,001134.jpg,,0.25,
46.04,001151.jpg,,0.25,
46.56,001164.jpg,,0.25,
46.92,001173.jpg,,0.25,
47.68,001192.jpg,,0.25,
48.32,001208.jpg,,0.25,
49.48,001237.jpg,,0.25,
50.60,001265.jpg,,0.25,
51.24,001281.jpg,,0.25,
51.80,001295.jpg,,0.25,
52.16,001304.jpg,,0.25,
52.72,001318.jpg,,0.25,
53.56,001339.jpg,,0.25,
55.88,001397.jpg,,0.25,
56.44,001411.jpg,,0.25,
58.12,001453.jpg,,0.25,
58.96,001474.jpg,,0.25,
59.28,001482.jpg,,0.25,
59.64,001491.jpg,,0.25,
61.76,001544.jpg,,0.25,
62.48,001562.jpg,,0.25,
62.96,001574.jpg,,0.25,
63.24,001581.jpg,,0.25,
63.48,001587.jpg,,0.25,
64.48,001612.jpg,,0.25,
64.92,001623.jpg,,0.25,
65.36,001634.jpg,,0.25,
65.72,001643.jpg,,0.25,
66.00,001650.jpg,,0.25,
66.84,001671.jpg,,0.25,
67.92,001698.jpg,,0.25,
68.28,001707.jpg,,0.25,
68.72,001718.jpg,,0.25,
69.04,001726.jpg,,0.25,
70.40,001760.jpg,,0.25,
74.76,001869.jpg,,0.25,
75.00,001875.jpg,,0.25,
75.24,001881.jpg,,0.25,
75.48,001887.jpg,,0.25,
75.72,001893.jpg,,0.25,
76.08,001902.jpg,,0.25,
77.60,001940.jpg,,0.25,
78.48,001962.jpg,,0.25,
79.00,001975.jpg,,0.25,
79.36,001984.jpg,,0.25,
79.60,001990.jpg,,0.25,
80.32,002008.jpg,,0.25,
81.24,002031.jpg,,0.25,
81.52,002038.jpg,,0.25,
82.00,002050.jpg,,0.25,
82.80,002070.jpg,,0.25,
83.36,002084.jpg,,0.25,
84.64,002116.jpg,,0.25,
85.56,002139.jpg,,0.25,
86.40,002160.jpg,,0.25,
86.92,002173.jpg,,0.25,
87.84,002196.jpg,,0.25,
88.08,002202.jpg,,0.25,
89.12,002228.jpg,,0.25,
89.68,002242.jpg,,0.25,
90.84,002271.jpg,,0.25,
91.32,002283.jpg,,0.25,
91.68,002292.jpg,,0.25,
91.88,002297.jpg,,0.25,
93.08,002327.jpg,,0.25,
94.24,002356.jpg,,0.25,
94.80,002370.jpg,,0.25,
95.56,002389.jpg,,0.25,
98.32,002458.jpg,,0.25,
99.52,002488.jpg,,0.25,
99.68,002492.jpg,,0.25,
99.96,002499.jpg,,0.25,
100.36,002509.jpg,,0.25,
100.68,002517.jpg,,0.25,
101.36,002534.jpg,,0.25,
102.12,002553.jpg,,0.25,
103.16,002579.jpg,,0.25,
104.12,002603.jpg,,0.25,
104.68,002617.jpg,,0.25,
105.04,002626.jpg,,0.25,
105.44,002636.jpg,,0.25,
105.60,002640.jpg,,0.25,
105.96,002649.jpg,,0.25,
106.28,002657.jpg,,0.25,
106.80,002670.jpg,,0.25,
