name,resolution,fps,yt_id
usopen_2015_mens_final_federer_djokovic,1920x1080,29.97,634UMLDrVzc
usopen_2019_mens_final_medvedev_nadal,1920x1080,29.97,ROaqNQ-12Js
usopen_2019_womens_final_andreescu_williams,1920x1080,29.97,GCzsODijnqw
usopen_2019_womens_osaka_gauff,1920x1080,29.97,v4IKkudrQtc
wimbledon_2018_mens_semifinal_djokovic_nadal,1920x1080,25.00,V96sSCV03ng
wimbledon_2018_womens_quarterfinal_williams_giorgi,1920x1080,25.00,EjqeygN7Tf0
wimbledon_2019_mens_final_djokovic_federer,1920x1080,25.00,TUikJi0Qhhw
wimbledon_2019_mens_semifinal_federer_nadal,1920x1080,25.00,wZnCcqm_g-E
wimbledon_2019_womens_final_halep_williams,1920x1080,25.00,fduc5bZx3ss
